Spaghetti Carbonara,https://damndelicious.net/2014/03/29/spaghetti-carbonara/
Beef Stroganoff,https://www.recipetineats.com/beef-stroganoff/#wprm-recipe-container-27097
Caesar Salad,https://www.loveandlemons.com/caesar-salad/
Pancakes,https://www.allrecipes.com/recipe/21014/good-old-fashioned-pancakes/
Paella,https://tastesbetterfromscratch.com/paella/
Ratatouille,https://www.loveandlemons.com/ratatouille-recipe/
Fish Tacos,https://natashaskitchen.com/fish-tacos-recipe/
Pad Thai,https://www.recipetineats.com/chicken-pad-thai/#wprm-recipe-container-29386
Chocolate Cake,https://addapinch.com/the-best-chocolate-cake-recipe-ever/#wprm-recipe-container-31552
Mochi,https://www.food.com/recipe/simple-mochi-146183
Sushi Rolls,https://www.fifteenspatulas.com/homemade-sushi/
Chocolate Chip Cookies,https://joyfoodsunshine.com/the-most-amazing-chocolate-chip-cookies/
Falafel Wrap,https://cookingwithayeh.com/falafel-wrap/#recipe
Ramen,https://thecozycook.com/homemade-ramen/#wprm-recipe-container-49533
Shepherd's Pie,https://www.thewholesomedish.com/the-best-classic-shepherds-pie/
Margherita Pizza,https://www.loveandlemons.com/homemade-pizza/#wprm-recipe-container-49052
Lasagna,https://thecozycook.com/easy-lasagna-recipe/
Chicken Satay,https://www.wellplated.com/satay-chicken-peanut-dipping-sauce/
Fried Rice,https://www.gimmesomeoven.com/fried-rice-recipe/
Lo Mein,https://www.recipetineats.com/lo-mein-noodles/#wprm-recipe-container-40538
Cheesecake,https://sugarspunrun.com/best-cheesecake-recipe/
Shakshuka,https://downshiftology.com/recipes/shakshuka/#wprm-recipe-container-34363
Orange Chicken,https://www.modernhoney.com/chinese-orange-chicken/
Egg Drop Soup,https://thewoksoflife.com/egg-drop-soup/#recipe
Broccoli Cheddar Soup,https://www.loveandlemons.com/broccoli-cheddar-soup/
Black Bean Burger,https://www.loveandlemons.com/black-bean-burger-recipe/
Broccoli Frittata,https://www.loveandlemons.com/frittata-recipe/#wprm-recipe-container-43243
Coconut Curry,https://www.averiecooks.com/thai-chicken-coconut-curry/#wprm-recipe-container-87369
Baklava,https://natashaskitchen.com/baklava-recipe/
Chicken Noodle Soup,https://tastesbetterfromscratch.com/chicken-noodle-soup/